1,rental mobil jakarta,elkamulia,1
2,rental mobil bekasi,elkamulia,2
3,sewa mobil jakarta,elkamulia,3
4,sewa mobil di jakarta,elkamulia,4
5,sewa mobil,elkamulia,5
6,rental mobil jakarta selatan,elkamulia,6
7,rental mobil di jakarta,elkamulia,7
8,sewa elf jakarta,elkamulia,8
9,sewa mobil murah jakarta,elkamulia,9
10,sewa mobil jakarta selatan,elkamulia,10
11,rental mobil murah jakarta,elkamulia,11
12,sewa mobil murah di jakarta,elkamulia,12
13,harga sewa mobil di jakarta,elkamulia,13
14,sewa mobil bulanan jakarta,elkamulia,14
15,harga rental mobil jakarta,elkamulia,15
16,rental mobil jakarta pusat,elkamulia,16
17,sewa mobil bekasi,elkamulia,17
18,rental mobil tangerang,elkamulia,18
19,sewa alphard jakarta,elkamulia,19
20,harga sewa mobil,elkamulia,20
21,rental mobil depok,elkamulia,21
22,rental mobil jakarta lepas kunci,elkamulia,22
23,harga sewa mobil jakarta,elkamulia,23
24,rental mobil solo,elkamulia,24
25,sewa mobil elf jakarta,elkamulia,25
26,harga rental mobil,elkamulia,26
27,sewa mobil murah,elkamulia,27
28,sewa mobil di bekasi,elkamulia,28
29,sewa mobil bulanan,elkamulia,29
30,rental mobil bekasi timur,elkamulia,30
31,sewa mobil di jakarta selatan,elkamulia,31
32,sewa mobil jakarta barat,elkamulia,32
33,sewa mobil jakarta lepas kunci,elkamulia,33
34,sewa mobil harian jakarta,elkamulia,34
35,sewa van murah,elkamulia,35
36,rental mobil bekasi lepas kunci,elkamulia,36
37,rental mobil murah,elkamulia,37
38,sewa mobil lepas kunci jakarta,elkamulia,38
39,rental mobil di bekasi,elkamulia,39
40,rental mobil bulanan jakarta,elkamulia,40
41,sewa mobil jakarta timur,elkamulia,41
42,rental mobil jakarta murah,elkamulia,42
43,sewa mobil jakarta pusat,elkamulia,43
44,sewa mobil alphard jakarta,elkamulia,44
45,sewa mobil innova jakarta,elkamulia,45
46,penyewaan mobil di jakarta,elkamulia,46
47,sewa innova jakarta,elkamulia,47
48,sewa mobil harian,elkamulia,48
49,rental mobil di jakarta selatan,elkamulia,49
50,sewa mobil depok,elkamulia,50
51,rental mobil bekasi barat,elkamulia,51
52,sewa mobil jakarta utara,elkamulia,52
53,sewa mobil jakarta murah,elkamulia,53
54,harga rental mobil bekasi,elkamulia,54
55,rental mobil murah di jakarta,elkamulia,55
56,rental mobil jakarta utara,elkamulia,56
57,penyewaan mobil,elkamulia,57
58,sewa mobil avanza jakarta,elkamulia,58
59,sewa mobil jakarta bulanan,elkamulia,59
60,rental mobil lepas kunci jakarta,elkamulia,60
61,rental mobil jakarta lepas kunci harian,elkamulia,61
62,rental mobil cikarang,elkamulia,62
63,sewa mobil di solo,elkamulia,63
64,sewa elf,elkamulia,64
65,harga sewa elf jakarta,elkamulia,65
66,sewa mobil lepas kunci jakarta barat,elkamulia,66
67,sewa mobil di jakarta lepas kunci,elkamulia,67
68,sewa mobil bulanan di jakarta,elkamulia,68
69,rental mobil jakarta barat lepas kunci,elkamulia,69
70,rental mobil bekasi utara,elkamulia,70
71,rental mobil lepas kunci bekasi,elkamulia,71
72,rental mobil di jakarta pusat,elkamulia,72
73,sewa mobil di jakarta barat,elkamulia,73
74,rental mobil bulanan,elkamulia,74
75,sewa avanza jakarta,elkamulia,75
76,sewa mobil di jakarta murah,elkamulia,76
77,sewa elf bekasi,elkamulia,77
78,sewa mobil harian murah di jakarta,elkamulia,78
79,tempat sewa mobil di jakarta,elkamulia,79
80,harga sewa mobil harian,elkamulia,80
81,sewa elf murah jakarta,elkamulia,81
82,rental mobil alphard jakarta,elkamulia,82
83,rental mobil jakarta bulanan,elkamulia,83
84,rental mobil elf jakarta,elkamulia,84
85,jasa sewa mobil,elkamulia,85
86,rental mobil murah jakarta barat,elkamulia,86
87,sewa mobil di jakarta timur,elkamulia,87
88,sewa mobil pengantin jakarta,elkamulia,88
89,sewa mobil di jakarta pusat,elkamulia,89
90,sewa mobil bekasi timur,elkamulia,90
91,jasa rental mobil jakarta,elkamulia,91
92,perusahaan rental mobil di jakarta,elkamulia,92
93,mobil sewa jakarta,elkamulia,93
94,sewa elf di jakarta,elkamulia,94
95,sewa mobil murah bekasi,elkamulia,95
96,rental mobil innova jakarta,elkamulia,96
97,sewa mobil harian di jakarta,elkamulia,97
98,rental mobil di depok,elkamulia,98
99,sewa mobil elf,elkamulia,99
100,rental mobil di tangerang,elkamulia,100
101,sewa mobil di depok,elkamulia,101
102,rental mobil jakarta selatan lepas kunci,elkamulia,102
103,sewa mobil mingguan jakarta,elkamulia,103
104,rental mobil murah bekasi,elkamulia,104
105,jasa sewa mobil jakarta,elkamulia,105
106,mobil murah jakarta,elkamulia,106
107,rental innova jakarta,elkamulia,107
108,rental mobil harian jakarta,elkamulia,108
109,jakarta sewa mobil,elkamulia,109
110,rental mobil di bekasi timur,elkamulia,110
111,sewa mobil murah di bekasi,elkamulia,111
112,harga sewa mobil di bekasi,elkamulia,112
113,sewa mobil online,elkamulia,113
114,sewa mobil travel,elkamulia,114
115,sewa mobil jakarta tanpa supir,elkamulia,115
116,sewa mobil murah jakarta selatan,elkamulia,116
117,harga rental mobil di jakarta,elkamulia,117
118,rental mobil jakarta barat cengkareng lepas kunci,elkamulia,118
119,jasa rental mobil,elkamulia,119
120,rental mobil jakarta pusat lepas kunci,elkamulia,120
121,rental mobil di solo,elkamulia,121
122,sewa mobil pengantin,elkamulia,122
123,penyewaan mobil jakarta,elkamulia,123
124,sewa mobil bekasi lepas kunci,elkamulia,124
125,sewa mobil bekasi timur lepas kunci,elkamulia,125
126,sewa mobil bekasi utara,elkamulia,126
127,sewa mobil lepas kunci bekasi,elkamulia,127
128,tarif rental mobil,elkamulia,128
129,harga sewa mobil bulanan jakarta,elkamulia,129
130,rental mobil cibubur,elkamulia,130
131,sewa mobil supir jakarta,elkamulia,131
132,sewa mobil avanza,elkamulia,132
133,sewa rental mobil jakarta,elkamulia,133
134,sewa mobil di bekasi timur,elkamulia,134
135,sewa kendaraan di jakarta,elkamulia,135
136,rental mobil lepas kunci,elkamulia,136
137,rental mobil murah jakarta timur,elkamulia,137
138,sewa mobil bulanan bekasi,elkamulia,138
139,harga sewa mobil elf jakarta,elkamulia,139
140,harga rental mobil murah,elkamulia,140
141,harga sewa mobil elf,elkamulia,141
142,sewa mobil di bekasi barat,elkamulia,142
143,sewa mobil bulanan murah di jakarta,elkamulia,143
144,rental mobil avanza jakarta,elkamulia,144
145,sewa mobil bekasi barat,elkamulia,145
146,sewa mobil jakarta lepas kunci murah,elkamulia,146
147,harga sewa mobil murah di jakarta,elkamulia,147
148,sewa mobil avanza di jakarta,elkamulia,148
149,rental avanza jakarta,elkamulia,149
150,sewa mobil tangerang,elkamulia,150
151,tarif rental mobil jakarta,elkamulia,151
152,sewa mobil jakarta selatan lepas kunci,elkamulia,152
153,rental mobil lepas kunci jakarta barat,elkamulia,153
154,sewa mobil elf di jakarta,elkamulia,154
155,persewaan mobil di jakarta,elkamulia,155
156,sewa mobil di jakarta utara,elkamulia,156
157,sewa mobil murah jakarta barat,elkamulia,157
158,harga sewa elf,elkamulia,158
159,harga sewa mobil bekasi,elkamulia,159
160,sewa mobil innova di jakarta,elkamulia,160
161,rental mobil bekasi selatan,elkamulia,161
162,rent car jakarta selatan,elkamulia,162
163,tarif sewa mobil di jakarta,elkamulia,163
164,sewa mobil bulanan jakarta murah,elkamulia,164
165,sewa elf jakarta murah,elkamulia,165
166,sewa mobil jakarta barat lepas kunci,elkamulia,166
167,rental mobil harian,elkamulia,167
168,rental mobil pengantin jakarta,elkamulia,168
169,sewa mobil jakarta utara lepas kunci,elkamulia,169
170,sewa mobil lepas kunci,elkamulia,170
171,rental mobil rawamangun,elkamulia,171
172,tarif sewa mobil,elkamulia,172
173,sewa mobil cibubur,elkamulia,173
174,sewa mobil jakarta selatan murah,elkamulia,174
175,harga sewa elf murah di jakarta,elkamulia,175
176,sewa mobil 24 jam jakarta,elkamulia,176
177,rental mobil di bekasi barat,elkamulia,177
178,rental mobil cikarang lepas kunci,elkamulia,178
179,rental mobil jakarta termurah,elkamulia,179
180,rental mobil jakarta timur cililitan,elkamulia,180
181,sewa mobil matic murah di bekasi,elkamulia,181
182,sewa mobil pengantin bekasi,elkamulia,182
183,jasa sewa mobil di jakarta,elkamulia,183
184,perusahaan rental mobil,elkamulia,184
185,harga sewa mobil avanza,elkamulia,185
186,sewa mobil innova,elkamulia,186
187,sewa mobil online jakarta,elkamulia,187
188,rental mobil depok murah,elkamulia,188
189,sewa mobil bali,elkamulia,189
190,rental mobil bulanan murah,elkamulia,190
191,rental mobil di medan,elkamulia,191
192,tempat rental mobil di jakarta,elkamulia,192
193,rental alphard jakarta,elkamulia,193
194,sewa mobil cikarang,elkamulia,194
195,rental mobil murah jakarta selatan,elkamulia,195
196,sewa mobil alphard di jakarta,elkamulia,196
197,sewa mobil matic bekasi,elkamulia,197
198,sewa mobil lepas kunci jakarta pusat,elkamulia,198
199,mobil sewa,elkamulia,199
200,sewa mobil di bekasi tanpa supir,elkamulia,200
201,rental mobil avanza,elkamulia,201
202,sewa elf murah,elkamulia,202
203,rent car mobil,elkamulia,203
204,rental elf,elkamulia,204
205,sewa mobil elf murah,elkamulia,205
206,sewa mobil jakarta barat murah,elkamulia,206
207,rental mobil murah tangerang,elkamulia,207
208,rental mobil daerah bekasi,elkamulia,208
209,sewa kendaraan jakarta,elkamulia,209
210,harga rental mobil elf,elkamulia,210
211,rental mobil semarang,elkamulia,211
212,mobil murah di bekasi,elkamulia,212
213,sewa mobil mingguan,elkamulia,213
214,sewa mobil pick up bekasi,elkamulia,214
215,sewa mobil fortuner jakarta,elkamulia,215
216,sewa mobil elf jakarta barat,elkamulia,216
217,sewa mobil elf jakarta timur,elkamulia,217
218,syarat rental mobil,elkamulia,218
219,sewa mobil luar kota,elkamulia,219
220,penyewaan mobil di jakarta selatan,elkamulia,220
221,rental mobil di jakarta utara,elkamulia,221
222,sewa mobil murah di bali,elkamulia,222
223,sewa rental mobil,elkamulia,223
224,rental mobil medan,elkamulia,224
225,sewa mobil dengan supir di jakarta,elkamulia,225
226,sewa kendaraan,elkamulia,226
227,rental mobil bandung,elkamulia,227
228,sewa mobil semarang,elkamulia,228
229,rental mobil matic bekasi,elkamulia,229
230,sewa mobil lepas kunci jakarta selatan,elkamulia,230
231,sewa mobil di bali,elkamulia,231
232,harga sewa mobil harian di jakarta,elkamulia,232
233,sewa mobil bekasi murah,elkamulia,233
234,sewa mobil murah di jakarta timur,elkamulia,234
235,sewa mobil bandung,elkamulia,235
236,rental mobil batam,elkamulia,236
237,biaya sewa mobil di jakarta,elkamulia,237
238,rental mobil pengantin,elkamulia,238
239,tempat penyewaan mobil di jakarta,elkamulia,239
240,harga mobil di jakarta,elkamulia,240
241,rental mobil matic di bekasi,elkamulia,241
242,rental mobil jakarta timur murah,elkamulia,242
243,sewa mobil harian jakarta selatan,elkamulia,243
244,mobil murah,elkamulia,244
245,rental mobil jakarta barat lepas kunci murah,elkamulia,245
246,rental mobil surabaya,elkamulia,246
247,sewa mobil di lombok,elkamulia,247
248,perusahaan rental mobil terbesar,elkamulia,248
249,mobil disewakan,elkamulia,249
250,persewaan mobil,elkamulia,250
251,harga sewa mobil di jakarta tanpa supir,elkamulia,251
252,rental mobil lebaran 2016 jakarta,elkamulia,252
253,tarif sewa mobil jakarta,elkamulia,253
254,rental mobil elf bekasi,elkamulia,254
255,jual mobil murah,elkamulia,255
256,daftar harga rental mobil,elkamulia,256
257,rental mobil terbaik di jakarta,elkamulia,257
258,tempat sewa mobil,elkamulia,258
259,sewa mobil di tangerang,elkamulia,259
260,harga sewa mobil bulanan,elkamulia,260
261,rental mobil di cikarang,elkamulia,261
262,sewa mobil murah tangerang,elkamulia,262
263,rental mobil padang,elkamulia,263
264,rental mobil bulanan bekasi,elkamulia,264
265,sewa mobil di bandung,elkamulia,265
266,sewa mobil murah di jakarta tanpa supir,elkamulia,266
267,rental mobil daerah jakarta selatan,elkamulia,267
268,rental mobil cengkareng,elkamulia,268
269,rental mobil harapan indah bekasi,elkamulia,269
270,rental mobil pondok gede,elkamulia,270
271,sewa elf jakarta selatan,elkamulia,271
272,sewa mobil ke puncak,elkamulia,272
273,rental mobil makassar,elkamulia,273
274,mobil murah di jakarta,elkamulia,274
275,rental mobil daerah jakarta,elkamulia,275
276,daftar harga sewa mobil,elkamulia,276
277,rental mobil lepas kunci jakarta selatan,elkamulia,277
278,rental mobil di bali,elkamulia,278
279,mobil bekas jakarta,elkamulia,279
280,sewa mobil di jogja,elkamulia,280
281,rental mobil tebet,elkamulia,281
282,rental elf bekasi,elkamulia,282
283,rental mobil di bandung,elkamulia,283
284,jual mobil bekas jakarta,elkamulia,284
285,sewa bus di jakarta,elkamulia,285
286,tarif rental mobil bekasi,elkamulia,286
287,harga sewa mobil avanza per hari,elkamulia,287
288,perusahaan rental mobil jakarta,elkamulia,288
289,rental mobil jakarta utara lepas kunci,elkamulia,289
290,sewa elf murah di jakarta,elkamulia,290
291,rental mobil elf,elkamulia,291
292,biaya sewa mobil,elkamulia,292
293,biaya rental mobil,elkamulia,293
294,mobil sewa di jakarta,elkamulia,294
295,harga rental mobil lebaran,elkamulia,295
296,sewa mobil murah jakarta timur,elkamulia,296
297,sewa avanza,elkamulia,297
298,sewa mobil agya jakarta,elkamulia,298
299,sewa mobil rental jakarta,elkamulia,299
300,rental mobil palembang,elkamulia,300
301,sewa mobil elf murah di bekasi,elkamulia,301
302,harga rental mobil avanza,elkamulia,302
303,rental mobil murah depok,elkamulia,303
304,sewa mobil jogja,elkamulia,304
305,sewa mobil alphard jakarta selatan,elkamulia,305
306,sewa mobil di bekasi selatan,elkamulia,306
307,rental mobil bekasi murah,elkamulia,307
308,sewa elf jakarta timur,elkamulia,308
309,sewa mobil di bekasi lepas kunci,elkamulia,309
310,rental mobil jogja,elkamulia,310
311,sewa mobil murah depok,elkamulia,311
312,rental mobil jakarta selatan lepas kunci harian,elkamulia,312
313,rental mobil plus supir jakarta,elkamulia,313
314,sewa mobil hiace jakarta,elkamulia,314
315,sewa mobil murah di jakarta barat,elkamulia,315
316,jual mobil,elkamulia,316
317,tempat rental mobil,elkamulia,317
318,rental mobil murah di jakarta pusat,elkamulia,318
319,sewa mobil surabaya,elkamulia,319
320,sewa mobil tahunan,elkamulia,320
321,rental mobil mewah,elkamulia,321
322,rental mobil di jogja,elkamulia,322
323,sewa mobil daerah jakarta,elkamulia,323
324,biaya rental mobil di jakarta,elkamulia,324
325,rent car bekasi,elkamulia,325
326,sewa mobil 24 jam,elkamulia,326
327,sewa mobil di surabaya,elkamulia,327
328,nyewa mobil di jakarta,elkamulia,328
329,harga sewa elf bekasi,elkamulia,329
330,sewa mobil inova jakarta,elkamulia,330
331,rental mobil cengkareng lepas kunci,elkamulia,331
332,sewa elf di bekasi,elkamulia,332
333,nyewa mobil,elkamulia,333
334,kerjasama rental mobil jakarta,elkamulia,334
335,harga sewa elf murah,elkamulia,335
336,sewa mobil tanpa supir jakarta,elkamulia,336
337,sewa mobil elf bekasi,elkamulia,337
338,sewa mobil murah di jakarta selatan,elkamulia,338
339,rental mobil bekasi timur lepas kunci,elkamulia,339
340,sewa mobil matic di bekasi,elkamulia,340
341,sewa mobil rental,elkamulia,341
342,cari mobil avanza daerah bekasi,elkamulia,342
343,rental murah jakarta,elkamulia,343
344,harga sewa mobil pengantin,elkamulia,344
345,rental mobil di surabaya,elkamulia,345
346,rental mobil jakarta puncak,elkamulia,346
347,sewa mobil murah di depok,elkamulia,347
348,sewa mobil di padang,elkamulia,348
349,sewa mobil makassar,elkamulia,349
350,sewa mobil camry jakarta,elkamulia,350
351,rental mobil murah di bali,elkamulia,351
352,rental mobil lippo cikarang,elkamulia,352
353,sewa minibus,elkamulia,353
354,penyewaan mobil bekasi,elkamulia,354
355,rental mobil alphard di jakarta,elkamulia,355
356,sewa elf murah bekasi,elkamulia,356
357,sewa mobil bulanan jakarta lepas kunci,elkamulia,357
358,rental mobil banjarmasin,elkamulia,358
359,rental mobil bogor,elkamulia,359
360,sewa mobil di semarang,elkamulia,360
361,sewa mobil box,elkamulia,361
362,rental mobil cikarang selatan,elkamulia,362
363,rental mobil alphard,elkamulia,363
364,sewa mobil hiace di jakarta,elkamulia,364
365,rental mobil luar kota,elkamulia,365
366,sewa mobil murah di jogja,elkamulia,366
367,sewa mobil di medan,elkamulia,367
368,rental mobil di padang,elkamulia,368
369,rental mobil bandung murah,elkamulia,369
370,rental mobil jakarta harian,elkamulia,370
371,rental mobil bekasi timur murah,elkamulia,371
372,sewa mobil jakarta harian,elkamulia,372
373,rental mobil jaksel,elkamulia,373
374,sewa mobil elf jakarta selatan,elkamulia,374
375,harga sewa mobil elf di jakarta,elkamulia,375
376,rental mobil bintaro,elkamulia,376
377,rental sewa mobil jakarta,elkamulia,377
378,sewa mobil jkt,elkamulia,378
379,sewa mobil dan supir,elkamulia,379
380,rental mobil termurah,elkamulia,380
381,sewa mobil bulanan murah,elkamulia,381
382,rental mobil di cibubur,elkamulia,382
383,rental mobil termurah di jakarta,elkamulia,383
384,sewa mobil yogyakarta,elkamulia,384
385,sewa mobil murah jakarta lepas kunci,elkamulia,385
386,menyewakan mobil,elkamulia,386
387,sewa mobil palembang,elkamulia,387
388,mobil murah bekasi,elkamulia,388
389,harga sewa mobil di tangerang,elkamulia,389
390,sewa mobil lebaran 2016 jakarta,elkamulia,390
391,rental mobil jabodetabek,elkamulia,391
392,sewa mobil ke luar kota,elkamulia,392
393,harga sewa mobil rental,elkamulia,393
394,penyewaan mobil murah di jakarta,elkamulia,394
395,sewa mobil harian tangerang,elkamulia,395
396,rental alphard,elkamulia,396
397,harga sewa mobil bulanan di jakarta,elkamulia,397
398,sewa mobil di cikarang,elkamulia,398
399,harga sewa mobil di jakarta 2016,elkamulia,399
400,rental mobil jkt,elkamulia,400
401,rental mobil bandung lepas kunci,elkamulia,401
402,rental mobil cirebon,elkamulia,402
403,harga sewa mobil lebaran,elkamulia,403
404,sewa mobil bulanan murah jakarta,elkamulia,404
405,rental mobil harapan indah,elkamulia,405
406,harga sewa rental mobil,elkamulia,406
407,sewa mobil harian lepas kunci,elkamulia,407
408,harga rental mobil bulanan,elkamulia,408
409,sewa mobil bulanan jakarta timur,elkamulia,409
410,rental mobil cibitung,elkamulia,410
411,sewa mobil jakarta bulanan murah,elkamulia,411
412,sewa mobil box bekasi,elkamulia,412
413,titip mobil di rental bekasi,elkamulia,413
414,sewa mobil elf di bekasi,elkamulia,414
415,rental mobil yogyakarta,elkamulia,415
416,tempat rental mobil di jakarta selatan,elkamulia,416
417,harga rental mobil lebaran 2016,elkamulia,417
418,rental di jakarta,elkamulia,418
419,rental mobil jatiasih,elkamulia,419
420,rental mobil di semarang,elkamulia,420
421,sewa mobil jakarta pusat lepas kunci,elkamulia,421
422,sewa mobil harian jakarta barat,elkamulia,422
423,tempat penyewaan mobil,elkamulia,423
424,rental mobil bekasi utara lepas kunci,elkamulia,424
425,sewa bus di bekasi,elkamulia,425
426,sewa mobil bandung murah,elkamulia,426
427,sewa mobil bmw di jakarta,elkamulia,427
428,rental mobil murah di bekasi barat,elkamulia,428
429,rental mobil tambun,elkamulia,429
430,harga rent car jakarta,elkamulia,430
431,jasa penyewaan mobil,elkamulia,431
432,harga sewa mobil avanza di jakarta,elkamulia,432
433,cari rental mobil di jakarta,elkamulia,433
434,rental mobil murah di jakarta timur,elkamulia,434
435,sewa mobil jakarta puncak,elkamulia,435
436,sewa mobil solo,elkamulia,436
437,harga rental mobil cikarang,elkamulia,437
438,cari sewa mobil di jakarta,elkamulia,438
439,penyewaan mobil di jakarta timur,elkamulia,439
440,sewa mobil di jakarta selatan lepas kunci,elkamulia,440
441,rental mobil resmi di jakarta,elkamulia,441
442,tempat sewa mobil jakarta,elkamulia,442
443,supir jakarta,elkamulia,443
444,rental mobil di yogyakarta,elkamulia,444
445,sewa mobil box jakarta,elkamulia,445
446,sewa mobil tanpa sopir di jakarta,elkamulia,446
447,sewa mobil bintaro,elkamulia,447
448,harga rental mobil jakarta timur,elkamulia,448
449,sewa mobil per jam,elkamulia,449
450,sewa mobil murah di jakarta lepas kunci,elkamulia,450
451,sewa mobil murah di solo,elkamulia,451
452,jasa rental mobil di jakarta,elkamulia,452
453,sewa mobil cirebon,elkamulia,453
454,rental murah,elkamulia,454
455,rental mobil daerah jakarta barat,elkamulia,455
456,harga sewa mobil innova,elkamulia,456
457,sewa mobil murah di bandung,elkamulia,457
458,sewa mobil travel jakarta,elkamulia,458
459,rental mobil murah jakarta utara,elkamulia,459
460,sewa mobil di jkt,elkamulia,460
461,tarif rental mobil di jakarta,elkamulia,461
462,rental bekasi,elkamulia,462
463,harga sewa mobil avanza harian,elkamulia,463
464,rental mobil daerah jakarta timur,elkamulia,464
465,harga sewa mobil pengantin jakarta,elkamulia,465
466,kerjasama rental mobil bekasi,elkamulia,466
467,rental mobil murah bandung,elkamulia,467
468,rental mobil mingguan,elkamulia,468
469,harga sewa mobil di jakarta timur,elkamulia,469
470,sewa mobil jakarta murah lepas kunci,elkamulia,470
471,sewa mobil camry,elkamulia,471
472,sewa mobil jakarta harga,elkamulia,472
473,rental mobil di palembang,elkamulia,473
474,rental mobil cikarang murah,elkamulia,474
475,mobil rental di jakarta,elkamulia,475
476,rental mobil lepas kunci jakarta utara,elkamulia,476
477,harga mobil murah di jakarta,elkamulia,477
478,sewa mobil brio jakarta,elkamulia,478
479,sewa mobil murah bali,elkamulia,479
480,sewa mobil vellfire jakarta,elkamulia,480
481,rental mobil cililitan lepas kunci,elkamulia,481
482,harga sewa mobil elf bekasi,elkamulia,482
483,sewa mobil fortuner di jakarta,elkamulia,483
484,sewa mobil pribadi,elkamulia,484
485,rental mobil surabaya lepas kunci,elkamulia,485
486,sewa rental mobil di jakarta,elkamulia,486
487,sewa mobil jakarta lepas kunci harian,elkamulia,487
488,sewa mobil bali murah,elkamulia,488
489,mobil disewakan bulanan,elkamulia,489
490,sewa mobil elf murah jakarta,elkamulia,490
491,rental mobil bandung tanpa supir,elkamulia,491
492,sewa mobil pribadi jakarta,elkamulia,492
493,sewa elf bekasi murah,elkamulia,493
494,situs rental mobil,elkamulia,494
495,harga sewa mobil jakarta 2016,elkamulia,495
496,rental mobil murah di bandung,elkamulia,496
497,sewa mobil jakarta bandung,elkamulia,497
498,rental mobil cikarang utara,elkamulia,498
499,harga sewa rental mobil jakarta,elkamulia,499
500,sewa mobil fortuner,elkamulia,500
501,rental mobil pekanbaru,elkamulia,501
502,sewa mobil supir,elkamulia,502
503,sewa travel,elkamulia,503
504,travel mobil pribadi,elkamulia,504
505,mobil sewaan jakarta,elkamulia,505
506,rental mobil murah di jakarta selatan,elkamulia,506
507,rental mobil tambun selatan,elkamulia,507
508,sewa mobil bulanan jakarta selatan,elkamulia,508
509,harga sewa mobil hiace jakarta,elkamulia,509
510,sewa mobil di batam,elkamulia,510
511,sewa mobil sedan,elkamulia,511
512,sewa mobil sport jakarta,elkamulia,512
513,rental mobil surabaya tanpa sopir,elkamulia,513
514,sewa mobil jabodetabek,elkamulia,514
515,sewa mobil tahunan jakarta,elkamulia,515
516,sewa mobil 200 ribu jakarta,elkamulia,516
517,rental mobil paket lebaran,elkamulia,517
518,harga sewa mobil surabaya,elkamulia,518
519,mobil bekasi,elkamulia,519
520,sewa mobil bogor,elkamulia,520
521,rental mobil bandara soekarno hatta,elkamulia,521
522,rental mobil murah jabodetabek,elkamulia,522
523,sewa mobil di jakarta tanpa supir,elkamulia,523
524,sewa mobil jakarta timur murah,elkamulia,524
525,harga rental mobil perhari,elkamulia,525
526,sewa mobil kecil jakarta,elkamulia,526
527,sewa mobil surabaya lepas kunci,elkamulia,527
528,rental mobil murah di cikampek,elkamulia,528
529,kerjasama rental mobil,elkamulia,529
530,rental mobil fortuner jakarta,elkamulia,530
531,sewa mobil harian murah,elkamulia,531
532,harga sewa bus di jakarta,elkamulia,532
533,perusahaan sewa mobil,elkamulia,533
534,sewa mobil agya di jakarta,elkamulia,534
535,cari sewa mobil,elkamulia,535
536,harga sewa mobil 2016,elkamulia,536
537,rental mobil ayla bekasi,elkamulia,537
538,harga sewa mobil innova harian,elkamulia,538
539,rental mobil lepas kunci jakarta pusat,elkamulia,539
540,sewa mobil lebaran,elkamulia,540
541,sewa mobil murah jakarta pusat,elkamulia,541
542,rental mobil lepas kunci syarat mudah jakarta,elkamulia,542
543,harga sewa mobil di solo,elkamulia,543
544,sewa mobil lebaran bekasi,elkamulia,544
545,harga sewa mobil murah,elkamulia,545
546,rental kendaraan,elkamulia,546
547,rental mobil surabaya murah,elkamulia,547
548,rental elf murah,elkamulia,548
549,rent car murah di jakarta,elkamulia,549
550,sewa mobil murah surabaya,elkamulia,550
551,penyewaan mobil jakarta selatan,elkamulia,551
552,rental mobil perusahaan,elkamulia,552
553,rental sewa mobil,elkamulia,553
554,harga mobil rental,elkamulia,554
555,mobil murah bandung,elkamulia,555
556,rental mobil di pondok gede,elkamulia,556
557,harga sewa mobil travel,elkamulia,557
558,sewa mobil innova bulanan,elkamulia,558
559,menyewakan mobil ke perusahaan,elkamulia,559
560,sewa mobil pengantin jakarta timur,elkamulia,560
561,harga mobil murah jakarta,elkamulia,561
562,sewa mobil harapan indah,elkamulia,562
563,sewa mobil mewah jakarta,elkamulia,563
564,sewa mobil termurah,elkamulia,564
565,sewa mobil puncak,elkamulia,565
566,bisnis rental mobil,elkamulia,566
567,harga rental mobil bandung,elkamulia,567
568,persewaan mobil di solo,elkamulia,568
569,harga sewa innova harian,elkamulia,569
570,mobil murah indonesia,elkamulia,570
571,sewa supir jakarta,elkamulia,571
572,sewa mobil matic,elkamulia,572
573,sewa bulanan mobil jakarta,elkamulia,573
574,rental mobil serpong,elkamulia,574
575,situs sewa mobil,elkamulia,575
576,harga sewa mobil xenia,elkamulia,576
577,rental mobil tebet lepas kunci,elkamulia,577
578,sewa mobil sebulan,elkamulia,578
579,sewa mobil di bogor,elkamulia,579
580,mobil indonesia,elkamulia,580
581,harga sewa innova,elkamulia,581
582,rental mobil untuk perusahaan,elkamulia,582
583,sewa mobil murah ke puncak,elkamulia,583
584,rental mobil di bogor,elkamulia,584
585,sewa mobil surabaya murah,elkamulia,585
586,harga penyewaan mobil,elkamulia,586
587,harga sewa avanza,elkamulia,587
588,rental mobil di bekasi selatan,elkamulia,588
589,rental mobil lebaran,elkamulia,589
590,harga sewa bus,elkamulia,590
591,harga sewa mobil lebaran 2016,elkamulia,591
592,sewa mobil pengantin murah jakarta,elkamulia,592
593,sewa mobil paket lebaran,elkamulia,593
594,rental mobil lebaran tangerang,elkamulia,594
595,rental mobil di jkt,elkamulia,595
596,harga sewa mobil pribadi,elkamulia,596
597,rental mobil terdekat,elkamulia,597
598,rental mobil mangga besar,elkamulia,598
599,rent car mobil di jakarta,elkamulia,599
600,sewa mobil perhari di jakarta,elkamulia,600
601,elf jakarta,elkamulia,601
602,sewa mobil box bogor,elkamulia,602
603,sewa mobil murah bandung,elkamulia,603
604,rental mobil karawaci,elkamulia,604
605,sewa mobil bandung tanpa supir,elkamulia,605
606,sewa mobil di puncak,elkamulia,606
607,sewa mobil alphard,elkamulia,607
608,sewa mobil murah solo,elkamulia,608
609,sewa mobil perhari,elkamulia,609
610,rental mobil cibitung bekasi,elkamulia,610
611,daftar rental mobil,elkamulia,611
612,rental mobil sedan,elkamulia,612
613,usaha rental mobil,elkamulia,613
614,rent car bandung,elkamulia,614
615,sewa mobil ke bandung,elkamulia,615
616,perusahaan sewa mobil di jakarta,elkamulia,616
617,sewa mobil murah di tangerang,elkamulia,617
618,sewa mobil serpong,elkamulia,618
619,cari mobil sewaan,elkamulia,619
620,sewa innova,elkamulia,620
621,sewa mobil xenia,elkamulia,621
622,harga nyewa mobil,elkamulia,622
623,sewa minibus jakarta,elkamulia,623
624,sewa mobil 250rb jakarta,elkamulia,624
625,sewa mobil di bandung murah,elkamulia,625
626,rental mobil murah solo,elkamulia,626
627,van sewa murah,elkamulia,627
628,biaya rental mobil jakarta,elkamulia,628
629,rental mobil dan supir,elkamulia,629
630,sewa mobil cikarang baru,elkamulia,630
631,sewa mobil pick up,elkamulia,631
632,rental mobil mewah jakarta,elkamulia,632
633,sewa mobil tanpa sopir,elkamulia,633
634,sewa mobil untuk kantor,elkamulia,634
635,sewa mobil harian murah jakarta,elkamulia,635
636,rental mobil terbesar di jakarta,elkamulia,636
637,harga rent car,elkamulia,637
638,harga sewa mobil perhari,elkamulia,638
639,rental mobil innova,elkamulia,639
640,tarif sewa elf jakarta,elkamulia,640
641,van murah untuk disewa,elkamulia,641
642,rental mobil di tambun,elkamulia,642
643,harga sewa mobil mingguan,elkamulia,643
644,rental mobil tambun bekasi,elkamulia,644
645,sewa mobil di bintaro,elkamulia,645
646,sewa mobil harian tanpa supir,elkamulia,646
647,sewa mobil lepas kunci surabaya,elkamulia,647
648,penyewaan mobil elf,elkamulia,648
649,harga mobil yang murah,elkamulia,649
650,sewa mobil bandung lepas kunci,elkamulia,650
651,rental mobil pontianak,elkamulia,651
652,sewa mobil di cibubur,elkamulia,652
653,penyewaan mobil di bandung,elkamulia,653
654,harga sewa mobil 1 hari,elkamulia,654
655,sewa mobil besar jakarta,elkamulia,655
656,sewa mobil pariwisata,elkamulia,656
657,harga carter mobil,elkamulia,657
658,rental mobil cikarang baru,elkamulia,658
659,harga rental mobil harian,elkamulia,659
660,rental mobil murah di solo,elkamulia,660
661,rental elf jakarta selatan,elkamulia,661
662,rental mobil fortuner,elkamulia,662
663,rental elf jakarta,elkamulia,663
664,sewa mobil pick up jakarta,elkamulia,664
665,sewa mobil jatiasih murah,elkamulia,665
666,sewa mobil untuk perusahaan,elkamulia,666
667,rental mobil jakarta bandung,elkamulia,667
668,rental mobil lepas kunci bandung,elkamulia,668
669,rental mobil di bintaro,elkamulia,669
670,penyewaan mobil murah,elkamulia,670
671,sewa mobil box bandung,elkamulia,671
672,harga sewa mobil alphard,elkamulia,672
673,rental mobil malioboro,elkamulia,673
674,sewa motor jakarta,elkamulia,674
675,sewa mobil tambun,elkamulia,675
676,rental mobil matic bandung,elkamulia,676
677,rental mobil cawang,elkamulia,677
678,harga sewa travel,elkamulia,678
679,sewa mobil bandara soekarno hatta,elkamulia,679
680,harga sewa mobil di bandung,elkamulia,680
681,harga rental elf,elkamulia,681
682,sewa mobil lepas kunci cikarang,elkamulia,682
683,sewa mobil mewah,elkamulia,683
684,harga sewa mobil per hari di jakarta,elkamulia,684
685,sewa mobil bekasi timur regency,elkamulia,685
686,daftar perusahaan rental mobil,elkamulia,686
687,sewa avanza bulanan,elkamulia,687
688,website sewa mobil,elkamulia,688
689,sewa mobil di bandara soekarno hatta,elkamulia,689
690,rental mobil di tambun bekasi,elkamulia,690
691,rental mobil murah di jatiasih,elkamulia,691
692,rental mobil solo murah,elkamulia,692
693,rental mobil tangerang lepas kunci,elkamulia,693
694,mobil di,elkamulia,694
695,rental mobil jakarta timur lepas kunci,elkamulia,695
696,sewa mobil 2 hari,elkamulia,696
697,rental mobil sby,elkamulia,697
698,rental mobil murah bali,elkamulia,698
699,rental mobil murah surabaya,elkamulia,699
700,sewa mobil jatiasih,elkamulia,700
701,bursa mobil bekas makassar,elkamulia,701
702,sewa elf lepas kunci,elkamulia,702
703,rental mobil karawang,elkamulia,703
704,mobil yang murah,elkamulia,704
705,sewa mobil antik jakarta,elkamulia,705
706,harga sewa mobil bandung,elkamulia,706
707,sewa mobil mercy,elkamulia,707
708,harga rental avanza,elkamulia,708
709,rental mobil daerah cibitung,elkamulia,709
710,sewa mobil matic jakarta,elkamulia,710
711,mobil rental murah,elkamulia,711
712,sewa mobil bus pariwisata,elkamulia,712
713,sewa mobil 150 ribu jakarta,elkamulia,713
714,sewa mobil cipaganti,elkamulia,714
715,rental mobil di ciputat,elkamulia,715
716,rental mobil jatiasih bekasi,elkamulia,716
717,sewa mobil harga,elkamulia,717
718,sewa mobil lepas kunci bandung,elkamulia,718
719,sewa mobil grand max bulanan,elkamulia,719
720,sewa rental mobil murah,elkamulia,720
721,rental mobil harga,elkamulia,721
722,rental mobil ke perusahaan,elkamulia,722
723,sewa mobil murah di surabaya,elkamulia,723
724,sewa mobil avanza bulanan,elkamulia,724
725,jual mobil murah jakarta,elkamulia,725
726,paket rental mobil,elkamulia,726
727,sewa rental,elkamulia,727
728,rental mobil di jatiasih,elkamulia,728
729,info sewa mobil,elkamulia,729
730,rental avanza,elkamulia,730
731,sewa mobil paling murah di jakarta,elkamulia,731
732,disewakan mobil,elkamulia,732
733,perusahaan penyewaan mobil,elkamulia,733
734,harga carteran mobil,elkamulia,734
735,sewa travel murah,elkamulia,735
736,kwitansi rental mobil jakarta,elkamulia,736
737,nap rent car bekasi barat,elkamulia,737
738,sewa mobil bandung jakarta,elkamulia,738
739,harga rental mobil 1 hari,elkamulia,739
740,penyewaan mobil di surabaya,elkamulia,740
741,harga mobil bekas bali,elkamulia,741
742,rental mobil murah semarang,elkamulia,742
743,sewa mobil pengantin bandung,elkamulia,743
744,rental mobil resmi,elkamulia,744
745,bali sewa mobil,elkamulia,745
746,tempat rental mobil di bandung,elkamulia,746
747,rental mobil bdg,elkamulia,747
748,rental mobil di jakarta yang murah,elkamulia,748
749,sewa mobil bulanan surabaya,elkamulia,749
750,sewa mobil sby,elkamulia,750
751,rental mobil bandung 2016,elkamulia,751
752,penyewaan mobil di solo,elkamulia,752
753,sewa mobil minibus,elkamulia,753
754,sewa mobil box tangerang,elkamulia,754
755,alamat rental mobil di jakarta,elkamulia,755
756,rental mobil besar,elkamulia,756
757,website penyewaan mobil,elkamulia,757
758,sewa mobil pribadi murah,elkamulia,758
759,sewa mobil 3 hari,elkamulia,759
760,sewa mobil pengantin di jakarta,elkamulia,760
761,rental mobil cilegon,elkamulia,761
762,sewa mobil per bulan,elkamulia,762
763,rental mobil daerah pondok gede,elkamulia,763
764,tempat sewa mobil murah,elkamulia,764
765,rental mobil surabaya barat,elkamulia,765
766,tarif sopir rental mobil,elkamulia,766
767,harga sewa mobil 2 hari,elkamulia,767
768,sewa mobil murah semarang,elkamulia,768
769,rental mobil kecil,elkamulia,769
770,sewa mobil elf tangerang,elkamulia,770
771,rental mobil murah di tangerang,elkamulia,771
772,sewa mobil bulanan di bali,elkamulia,772
773,rental mobil bogor murah,elkamulia,773
774,sewa mobil murah di cibubur,elkamulia,774
775,sewa mobil bulanan bandung,elkamulia,775
776,sewa bus murah di jakarta,elkamulia,776
777,sewa supir,elkamulia,777
778,sewa mobil 1 hari,elkamulia,778
779,sewa mobil matic bandung,elkamulia,779
780,penyewaan rental mobil,elkamulia,780
781,sewa mobil sport,elkamulia,781
782,rental mobil rawalumbu bekasi,elkamulia,782
783,sewa mobil paling murah,elkamulia,783
784,harga rental mobil tangerang,elkamulia,784
785,tarif mobil rental,elkamulia,785
786,sewa mobil elf bandung,elkamulia,786
787,harga sewa mobil di surabaya,elkamulia,787
788,sewa mobil di surabaya 2016,elkamulia,788
789,sewa mobil termurah jakarta,elkamulia,789
790,sewa elf jakarta bandung,elkamulia,790
791,rental mobil murah cibubur,elkamulia,791
792,rental mobil lepas kunci surabaya,elkamulia,792
793,harga sewa mobil box,elkamulia,793
794,rental surabaya,elkamulia,794
795,rental mobil terbaik,elkamulia,795
796,rental mobil elf murah,elkamulia,796
797,harga rental mobil surabaya,elkamulia,797
798,rental mobil ciledug,elkamulia,798
799,sewa mobil box surabaya,elkamulia,799
800,mobil bandung,elkamulia,800
801,mobil dengan harga murah,elkamulia,801
802,tempat sewa mobil di bandung,elkamulia,802
803,rental mobil cibinong,elkamulia,803
804,rental mobil murah di medan,elkamulia,804
805,rental mobil kelapa gading,elkamulia,805
806,rental mobil murah bandung tanpa supir,elkamulia,806
807,harga rental,elkamulia,807
808,sewa mobil matic lepas kunci,elkamulia,808
809,sewa mobil matic surabaya,elkamulia,809
810,harga sewa van,elkamulia,810
811,rental bandung,elkamulia,811
812,mobil untuk rental,elkamulia,812
813,sewa mobil box jakarta barat,elkamulia,813
814,rental mobil pamulang,elkamulia,814
815,sewa rental mobil minibus isuzu elf di jakarta jakarta,elkamulia,815
816,mobil sewa murah,elkamulia,816
817,sewa minibus bandung,elkamulia,817
818,harga mobil jakarta,elkamulia,818
819,sewa bus jakarta bandung,elkamulia,819
820,aplikasi rental mobil,elkamulia,820
821,sewa mobil kelapa gading,elkamulia,821
822,kerjasama sewa mobil,elkamulia,822
823,perusahaan jasa rental mobil,elkamulia,823
824,rental mobil di bandung murah,elkamulia,824
825,sewa mobil mewah surabaya,elkamulia,825
826,rental mobil murah di lombok,elkamulia,826
827,mobil rental bandung,elkamulia,827
828,rental mobil box bandung,elkamulia,828
829,mobil rentalan,elkamulia,829
830,harga sewa mobil avanza per bulan,elkamulia,830
831,sewa mobil ayla,elkamulia,831
832,sewa mobil isuzu elf,elkamulia,832
833,rental mobil paling murah,elkamulia,833
834,harga sewa avanza bulanan,elkamulia,834
835,rental mobil bandung jakarta,elkamulia,835
836,solo rental mobil,elkamulia,836
837,harga sewa mobil tahunan,elkamulia,837
838,sewa bulanan,elkamulia,838
839,jual beli mobil bali,elkamulia,839
840,rental mobil jakarta bandung 2016,elkamulia,840
841,daftar harga sewa elf,elkamulia,841
842,penyewaan bus,elkamulia,842
843,harga sewa mobil fortuner,elkamulia,843
844,rental mobil apv,elkamulia,844
845,sewa mobil dari jakarta ke bandung,elkamulia,845
846,rental mobil bogor lepas kunci,elkamulia,846
847,rental mobil matic surabaya,elkamulia,847
848,rental mobil tahunan,elkamulia,848
849,mobil bali,elkamulia,849
850,sewa mobil pengantin tangerang,elkamulia,850
851,harga sewa innova bulanan,elkamulia,851
852,sewa mobil 1 bulan,elkamulia,852
853,rental mobil bulanan bandung,elkamulia,853
854,rental mobil murah di cirebon,elkamulia,854
855,sewa mobil box depok,elkamulia,855
856,sewa mobil dan supir di jakarta,elkamulia,856
857,pesan mobil online,elkamulia,857
858,rental mobil lepas kunci tangerang,elkamulia,858
859,harga rental mobil di bandung,elkamulia,859
860,rental mobil sewa,elkamulia,860
861,nyarter mobil,elkamulia,861
862,paket rental mobil lebaran,elkamulia,862
863,sewa mobil mewah di jakarta,elkamulia,863
864,harga sewa mobil per bulan,elkamulia,864
865,sewa mobil di sby,elkamulia,865
866,iklan rental mobil,elkamulia,866
867,rental mobil ciputat,elkamulia,867
868,rental mobil ke bandung,elkamulia,868
869,rental mobil murah di surabaya,elkamulia,869
870,sewa mobil tangerang murah,elkamulia,870
871,sewa mobil jakarta timur lepas kunci,elkamulia,871
872,sewa mobil elf depok,elkamulia,872
873,harga mobil sewaan,elkamulia,873
874,sewa mobil surabaya barat,elkamulia,874
875,sewa mobil box jakarta selatan,elkamulia,875
876,sewa mobil bulanan di surabaya,elkamulia,876
877,mobil mobil murah,elkamulia,877
878,harga sewa mobil apv per hari,elkamulia,878
879,sewa mobil karimun di bali,elkamulia,879
880,sewa mobil box jakarta timur,elkamulia,880
881,mobil carteran,elkamulia,881
882,titip mobil rental,elkamulia,882
883,sewa mobil murah di bogor,elkamulia,883
884,rental mobil palu,elkamulia,884
885,rental mobil tangerang kota,elkamulia,885
886,harga sewa mobil box jakarta,elkamulia,886
887,mobil rent car,elkamulia,887
888,rental mobil murah medan,elkamulia,888
889,rental mobil depok 2 tengah,elkamulia,889
890,menyewakan mobil ke perusahaan rental,elkamulia,890
891,sewa mobil matic jakarta lepas kunci,elkamulia,891
892,rental mobil murah di semarang,elkamulia,892
893,sewa mobil elf di bandung,elkamulia,893
894,sewa murah,elkamulia,894
895,rental mobil bandung timur,elkamulia,895
896,rental mobil di cimahi,elkamulia,896
897,rental mobil cipaganti,elkamulia,897
898,rental mobil bulanan tangerang,elkamulia,898
899,cari penyewa mobil,elkamulia,899
900,sewa bus kecil,elkamulia,900
901,rental mobil termurah di bandung,elkamulia,901
902,harga sewa van sehari,elkamulia,902
903,cari rental mobil murah,elkamulia,903
904,rental mobil tanpa supir bandung,elkamulia,904
905,rental mobil bandung dengan supir,elkamulia,905
906,tempat penyewaan mobil di bandung,elkamulia,906
907,rental mobil jakarta paling murah,elkamulia,907
908,sewa mobil murah di medan,elkamulia,908
909,sewa mobil perusahaan,elkamulia,909
910,sewa mobil bogor murah,elkamulia,910
911,rental mobil lepas kunci depok,elkamulia,911
912,sewa mobil bak jakarta,elkamulia,912
913,rental mobil jakarta ke bandung,elkamulia,913
914,penyewaan mobil surabaya,elkamulia,914
915,rental mobil murah bandung lepas kunci,elkamulia,915
916,harga rental mobil bogor,elkamulia,916
917,rental mobil daerah tangerang,elkamulia,917
918,tarif rental mobil surabaya,elkamulia,918
919,sewa mobil murah harian,elkamulia,919
920,sewa mobil termurah di bali,elkamulia,920
921,sewa mobil box murah,elkamulia,921
922,mobil rental surabaya,elkamulia,922
923,sewa mobil jakarta bandung murah,elkamulia,923
924,sewa mobil uber jakarta,elkamulia,924
925,jasa sewa,elkamulia,925
926,rental mobil salatiga,elkamulia,926
927,rental mobil elf bandung,elkamulia,927
928,rental penyewaan mobil,elkamulia,928
929,rental mobil murah batam,elkamulia,929
930,sewa mobil travello jakarta,elkamulia,930
931,bisnis sewa mobil,elkamulia,931
932,sewa mobil pengantin depok,elkamulia,932
933,sewa mobil murah di jakarta timur lepas kunci,elkamulia,933
934,rental mobil matic depok,elkamulia,934
935,rental mobil kroya,elkamulia,935
936,rental mobil murah di bogor,elkamulia,936
937,sewa mobil surabaya 2016,elkamulia,937
938,sewa mobil truk,elkamulia,938
939,rental mobil pasar minggu,elkamulia,939
940,rental mobil mewah bandung,elkamulia,940
941,sewa mobil tangerang lepas kunci,elkamulia,941
942,sewa mobil matic di surabaya,elkamulia,942
943,rental mobil depok lepas kunci,elkamulia,943
944,sewa mobil panther,elkamulia,944
945,rental mobil tangerang murah,elkamulia,945
946,sewa elf bandung murah,elkamulia,946
947,sewa mobil dan supir jakarta,elkamulia,947
948,rental mobil murah di batam,elkamulia,948
949,sewa mobil ayla di jakarta,elkamulia,949
950,sewa mobil depok lepas kunci,elkamulia,950
951,sewa mobil di kelapa gading,elkamulia,951
952,sewa mobil terdekat,elkamulia,952
953,sewa mobil semarang indonesia,elkamulia,953
954,sewa mobil harian bandung,elkamulia,954
955,rental mobil murah palembang,elkamulia,955
956,rental mobil murah bogor,elkamulia,956
957,sewa rental mobil bandung,elkamulia,957
958,sewa mobil tangerang selatan,elkamulia,958
959,rental mobil bandung ke jakarta,elkamulia,959
960,sewa mobil travel bandung,elkamulia,960
961,daftar harga sewa mobil surabaya,elkamulia,961
962,sewa mobil elf di surabaya,elkamulia,962
963,mobil disewakan ke perusahaan,elkamulia,963
964,sewa mobil depok indonesia,elkamulia,964
965,rental mobil bandung cipaganti,elkamulia,965
966,travel mobil jakarta bandung,elkamulia,966
967,sewa mobil bandung cipaganti,elkamulia,967
968,rental mobil bulanan surabaya,elkamulia,968
969,sewa mobil box di jakarta,elkamulia,969
970,rental mobil surabaya utara,elkamulia,970
971,penyewaan mobil bandung,elkamulia,971
972,sewa mobil bulanan tangerang,elkamulia,972
973,rental mobil elf bogor,elkamulia,973
974,harga sewa mobil di bogor,elkamulia,974
975,sewa mobil drop off jakarta bandung,elkamulia,975
976,harga sewa mobil untuk perusahaan,elkamulia,976
977,sewa mobil pick up depok,elkamulia,977
978,harga sewa mobil pick up,elkamulia,978
979,antar jemput bandara,elkamulia,979
980,sewa mobil bogor lepas kunci,elkamulia,980
981,harga sewa mobil elf surabaya,elkamulia,981
982,kendaraan murah,elkamulia,982
983,rental mobil bandung 24 jam,elkamulia,983
984,sewa mobil jakarta hadi rent car daerah khusus ibukota jakarta,elkamulia,984
985,sewa mobil ciledug,elkamulia,985
986,sewa mobil alphard bandung,elkamulia,986
987,sewa mobil grandmax jakarta,elkamulia,987
988,rental mobil bekasi timur bulak kapal,elkamulia,988
989,harga sewa bus bandung,elkamulia,989
990,sewa mobil engkel jakarta,elkamulia,990
991,perusahaan rent car,elkamulia,991
992,sewa bus ke bandung,elkamulia,992
993,sewa mobil murah di cirebon,elkamulia,993
994,sewa mobil elf bogor,elkamulia,994
995,sewa mobil lepas kunci tangerang,elkamulia,995
996,sewa mobil mewah di bandung,elkamulia,996
997,sewa mobil murah di cikarang,elkamulia,997
998,sewa mobil murah bogor,elkamulia,998
999,carter mobil jakarta bandung,elkamulia,999
1000,sewa pregio jakarta,elkamulia,1000
1001,sewa mobil keluar kota,elkamulia,1001
1002,sewa mobil karawaci,elkamulia,1002
1003,sewa bus bandung murah,elkamulia,1003
1004,tempat sewa mobil di surabaya,elkamulia,1004
1005,rental mobil lembang,elkamulia,1005
1006,tarif rental mobil bandung,elkamulia,1006
1007,harga sewa bus di bandung,elkamulia,1007
1008,rental mobil di surabaya barat,elkamulia,1008
1009,rental mobil terbaik di bali,elkamulia,1009
1010,rental mobil murah di tangerang selatan,elkamulia,1010
1011,sewa mobil blue bird,elkamulia,1011
1012,tempat sewa mobil di tangerang,elkamulia,1012
1013,rental mobil di depok murah,elkamulia,1013
1014,bandung sewa mobil,elkamulia,1014
1015,sewa mobil ke bandung murah,elkamulia,1015
1016,rent car di jakarta,elkamulia,1016
1017,sewa mobil bulanan di bandung,elkamulia,1017
1018,rental mobil daerah bogor,elkamulia,1018
1019,rental mobil mewah jakarta selatan,elkamulia,1019
1020,sewa mobil murah di cinere,elkamulia,1020
1021,sewa bus pariwisata bandung murah,elkamulia,1021
1022,sewa mobil pick up bogor,elkamulia,1022
1023,rental mobil perhari,elkamulia,1023
1024,rental mobil hiace bandung,elkamulia,1024
1025,sewa mobil wedding jakarta,elkamulia,1025
1026,rental mobil lepas kunci jakarta timur,elkamulia,1026
1027,rental bus di bandung,elkamulia,1027
1028,sewa mobil alphard surabaya,elkamulia,1028
1029,rental mobil alphard bandung,elkamulia,1029
1030,harga sewa mobil harian murah,elkamulia,1030
1031,harga sewa mobil tangerang,elkamulia,1031
1032,penyewaan mobil di bogor,elkamulia,1032
1033,rental mobil daerah depok,elkamulia,1033
1034,sewa mobil box jakarta pusat,elkamulia,1034
1035,rental mobil bogor kota,elkamulia,1035
1036,mobil sewa bandung,elkamulia,1036
1037,harga sewa mobil elf tangerang,elkamulia,1037
1038,rental mobil di bogor murah,elkamulia,1038
1039,sewa mobil jazz jakarta,elkamulia,1039
1040,rental mobil matic jakarta selatan,elkamulia,1040
1041,sewa mobil alphard di bandung,elkamulia,1041
1042,jasa rental mobil di bandung,elkamulia,1042
1043,jasa sewa mobil di bandung,elkamulia,1043
1044,sewa mobil innova bandung,elkamulia,1044
1045,bandung rental mobil,elkamulia,1045
1046,penawaran sewa mobil,elkamulia,1046
1047,rental mobil pick up bandung,elkamulia,1047
1048,persewaan mobil jakarta,elkamulia,1048
1049,sewa mobil supir bandung,elkamulia,1049
1050,sewa mobil tangerang tanpa supir,elkamulia,1050
1051,sewa mobil jakarta cirebon,elkamulia,1051
1052,sewa mobil box jakarta utara,elkamulia,1052
1053,sewa mobil 24 jam surabaya,elkamulia,1053
1054,sewa mobil cengkareng,elkamulia,1054
1055,harga sewa mobil box bandung,elkamulia,1055
1056,sewa mobil di bogor murah,elkamulia,1056
1057,rental mobil murah di bukittinggi,elkamulia,1057
1058,sewa mobil surabaya ke malang,elkamulia,1058
1059,sewa mobil jakarta bogor,elkamulia,1059
1060,rental mobil elf depok,elkamulia,1060
1061,sewa mobil tanpa supir bandung,elkamulia,1061
1062,rental mobil depok 2016,elkamulia,1062
1063,sewa mobil depok murah,elkamulia,1063
1064,mobil rental di bandung,elkamulia,1064
1065,rental mobil murah di palembang,elkamulia,1065
1066,tempat sewa mobil di bogor,elkamulia,1066
1067,sewa supir ke luar kota,elkamulia,1067
1068,harga rental mobil di surabaya,elkamulia,1068
1069,sewa mobil mercy jakarta,elkamulia,1069
1070,jasa rental mobil bandung,elkamulia,1070
1071,harga sewa mobil elf bandung,elkamulia,1071
1072,rental mobil bulanan di jakarta,elkamulia,1072
1073,rental mobil jakarta pusat murah,elkamulia,1073
1074,rental mobil 24 jam surabaya,elkamulia,1074
1075,biaya sewa mobil per hari,elkamulia,1075
1076,sewa mobil pick up tangerang,elkamulia,1076
1077,kereta sewa di bandung,elkamulia,1077
1078,daftar perusahaan rental mobil terbesar di jakarta,elkamulia,1078
1079,rental mobil mewah di jakarta,elkamulia,1079
1080,rental mobil mewah di bandung,elkamulia,1080
1081,sewa mobil elf di bogor,elkamulia,1081
1082,rental mobil matic tangerang,elkamulia,1082
1083,tempat rental mobil di surabaya,elkamulia,1083
1084,rental mobil terbesar,elkamulia,1084
1085,rental mobil cipaganti bandung,elkamulia,1085
1086,sewa mobil lepas kunci depok,elkamulia,1086
1087,sewa mobil murah palembang,elkamulia,1087
1088,rent car mobil surabaya,elkamulia,1088
1089,sewa mobil apv,elkamulia,1089
1090,sewa mobil bmw jakarta,elkamulia,1090
1091,rental mobil pluit,elkamulia,1091
1092,sewa mobil box di bandung,elkamulia,1092
1093,rental mobil tangerang ciledug,elkamulia,1093
1094,rental mobil sedan bandung,elkamulia,1094
1095,sewa isuzu elf,elkamulia,1095
1096,sewa mobil avanza surabaya,elkamulia,1096
1097,jasa rental,elkamulia,1097
1098,rental mobil jazz matic bandung,elkamulia,1098
1099,sewa mobil pengantin bogor,elkamulia,1099
1100,sewa mobil hyundai h1 jakarta,elkamulia,1100
1101,sewa mobil mewah bandung,elkamulia,1101
1102,rental mobil dari jakarta ke bandung,elkamulia,1102
1103,rental mobil innova bandung,elkamulia,1103
1104,rental mobil mingguan jakarta,elkamulia,1104
1105,sewa mobil ke bogor,elkamulia,1105
1106,sewa mobil murah di palembang,elkamulia,1106
1107,iklan sewa mobil,elkamulia,1107
1108,penyewaan mobil di tangerang,elkamulia,1108
1109,sewa mobil daerah tangerang,elkamulia,1109
1110,harga carter,elkamulia,1110
1111,sewa mobil avanza bandung,elkamulia,1111
1112,sewa h1 jakarta,elkamulia,1112
1113,kerjasama rental mobil di tangerang,elkamulia,1113
1114,auto rent car indonesia,elkamulia,1114
1115,harga sewa mobil bulanan surabaya,elkamulia,1115
1116,sewa mobil harian di bandung,elkamulia,1116
1117,harga sewa mobil jakarta bandung,elkamulia,1117
1118,sewa mobil l300 jakarta,elkamulia,1118
1119,sewa mobil sedan jakarta,elkamulia,1119
1120,rental mobil jazz bandung,elkamulia,1120
1121,sewa mobil matic jakarta selatan,elkamulia,1121
1122,rental mobil jakarta cilegon,elkamulia,1122
1123,pesan mobil,elkamulia,1123
1124,jasa rental mobil surabaya,elkamulia,1124
1125,rental mobil di jakarta timur lepas kunci,elkamulia,1125
1126,rental mobil elf di jakarta,elkamulia,1126
1127,rental mobil matic bogor,elkamulia,1127
1128,surabaya sewa mobil,elkamulia,1128
1129,harga sewa mobil ke bandung,elkamulia,1129
1130,sewa kijang innova jakarta,elkamulia,1130
1131,sewa mobil jeep di bali,elkamulia,1131
1132,sewa mobil brio surabaya,elkamulia,1132
1133,sewa mobil bulanan di tangerang,elkamulia,1133
1134,harga sewa mobil jakarta ke bandung,elkamulia,1134
1135,harga sewa mobil depok,elkamulia,1135
1136,sewa mobil termurah di jakarta,elkamulia,1136
1137,rental mobil depok 2015,elkamulia,1137
1138,perjanjian sewa mobil,elkamulia,1138
1139,rental mobil bulanan murah bandung,elkamulia,1139
1140,sewa mobil crv jakarta,elkamulia,1140
1141,daftar harga rental mobil bandung,elkamulia,1141
1142,form sewa mobil,elkamulia,1142
1143,sewa mobil dan supir bandung,elkamulia,1143
1144,sewa mobil 24 jam bandung,elkamulia,1144
1145,rental mobil mewah di surabaya,elkamulia,1145
1146,rental mobil murah di pekanbaru,elkamulia,1146
1147,sewa mobil bulanan bogor,elkamulia,1147
1148,harga sewa bus jakarta bandung,elkamulia,1148
1149,sewa bus bandung jakarta,elkamulia,1149
1150,rental mobil di bandung yang murah,elkamulia,1150
1151,rental mobil murah di singapore,elkamulia,1151
1152,harga sewa mobil travel bogor,elkamulia,1152
1153,sewa mobil alphard di tangerang,elkamulia,1153
1154,sewa mobil di depok lepas kunci,elkamulia,1154
1155,jasa sewa mobil bandung,elkamulia,1155
1156,sewa mobil murah di singapore,elkamulia,1156
1157,usaha sewa mobil,elkamulia,1157
1158,rental mobil murah cirebon,elkamulia,1158
1159,rental mobil pregio bandung,elkamulia,1159
1160,penyewaan bus di bandung,elkamulia,1160
1161,sewa mobil hrv jakarta,elkamulia,1161
1162,sewa mobil pregio bandung,elkamulia,1162
1163,rental mobil surabaya selatan,elkamulia,1163
1164,mobil elf sewa,elkamulia,1164
1165,sewa mobil bandung jakarta murah,elkamulia,1165
1166,rental mobil dan supir jakarta,elkamulia,1166
1167,sewa mobil jazz di bandung,elkamulia,1167
1168,info rental mobil bandung,elkamulia,1168
1169,rental mobil cipondoh tangerang,elkamulia,1169
1170,daftar rental mobil jakarta,elkamulia,1170
1171,sewa mobil alphard tangerang,elkamulia,1171
1172,harga sewa mobil bogor,elkamulia,1172
1173,biaya sewa supir harian,elkamulia,1173
1174,sewa mobil honda jazz jakarta,elkamulia,1174
1175,kerjasama rental mobil surabaya,elkamulia,1175
1176,rental mobil termurah di bogor,elkamulia,1176
1177,harga sewa elf jakarta bandung,elkamulia,1177
1178,sewa mobil brio di bali,elkamulia,1178
1179,sewa mobil mingguan bandung,elkamulia,1179
1180,daftar harga rental mobil jakarta,elkamulia,1180
1181,sewa isuzu elf jakarta,elkamulia,1181
1182,sewa mobil di depok murah,elkamulia,1182
1183,titip mobil rental depok,elkamulia,1183
1184,jasa rental mobil tangerang,elkamulia,1184
1185,sewa mobil termurah di surabaya,elkamulia,1185
1186,sewa mobil harian di surabaya,elkamulia,1186
1187,sewa mobil matic jakarta barat,elkamulia,1187
1188,sewa mobil tangerang kota,elkamulia,1188
1189,harga rental mobil depok,elkamulia,1189
1190,carter mobil bandung jakarta,elkamulia,1190
1191,rental jakarta bandung,elkamulia,1191
1192,sewa mobil indonesia,elkamulia,1192
1193,sewa mobil di bandung cipaganti,elkamulia,1193
1194,sewa mobil box di surabaya,elkamulia,1194
1195,rental mobil alphard di bandung,elkamulia,1195
1196,daftar perusahaan rental mobil di jakarta,elkamulia,1196
1197,sewa mobil murah di lampung,elkamulia,1197
1198,sewa mobil harian jakarta murah,elkamulia,1198
1199,harga sewa mobil di indorent,elkamulia,1199
1200,sewa mobil jakarta bandung 2 hari,elkamulia,1200
1201,jasa sewa mobil surabaya,elkamulia,1201
1202,rental mobil jakarta bandung pp,elkamulia,1202
1203,alamat rental mobil di surabaya,elkamulia,1203
1204,rental mobil bulanan di bandung,elkamulia,1204
1205,sewa mobil jazz,elkamulia,1205
1206,rental mobil mewah di bali,elkamulia,1206
1207,rental bogor,elkamulia,1207
1208,harga sewa mobil pengantin bandung,elkamulia,1208
1209,harga rental mobil bogor 2016,elkamulia,1209
1210,rental mobil murah di banjarmasin,elkamulia,1210
1211,rental mobil matic di bogor,elkamulia,1211
1212,rental mobil supir bandung,elkamulia,1212
1213,daftar harga sewa mobil jakarta,elkamulia,1213
1214,rental mobil bandung selatan,elkamulia,1214
1215,harga sewa mobil box surabaya,elkamulia,1215
1216,sewa jakarta,elkamulia,1216
1217,sewa mobil matic tangerang,elkamulia,1217
1218,rental mobil di cengkareng,elkamulia,1218
1219,cipaganti rental mobil bandung,elkamulia,1219
1220,rent mobil,elkamulia,1220
1221,sewa mobil murah bandung tanpa supir,elkamulia,1221
1222,sewa mobil pernikahan bandung,elkamulia,1222
1223,harga rental mobil di bogor,elkamulia,1223
1224,rental mobil bandung barat,elkamulia,1224
1225,sewa bus wisata bandung,elkamulia,1225
1226,rental mobil kelapa dua depok,elkamulia,1226
1227,sewa mobil box murah jakarta,elkamulia,1227
1228,rental mobil murah bukittinggi,elkamulia,1228
1229,harga rental mobil bulanan surabaya,elkamulia,1229
1230,sewa mobil jazz bandung,elkamulia,1230
1231,sewa mobil mingguan surabaya,elkamulia,1231
1232,sewa kereta murah di bandung,elkamulia,1232
1233,sewa mobil murah di eropa,elkamulia,1233
1234,sewa mobil trac jakarta,elkamulia,1234
1235,daftar rental mobil di jakarta,elkamulia,1235
1236,sewa mobil matic bogor,elkamulia,1236
1237,harga sewa mobil di depok,elkamulia,1237
1238,sewa mobil lepas kunci bogor,elkamulia,1238
1239,sewa mobil daerah bogor,elkamulia,1239
1240,harga rental bus,elkamulia,1240
1241,rental mobil box daerah bandung,elkamulia,1241
1242,sewa mobil jazz matic surabaya,elkamulia,1242
1243,sewa mobil ke anyer,elkamulia,1243
1244,cipaganti rental,elkamulia,1244
1245,rental mobil murah di cilegon,elkamulia,1245
1246,sewa mobil murah di purwokerto,elkamulia,1246
1247,sewa honda jazz jakarta,elkamulia,1247
1248,sewa mobil matic di depok,elkamulia,1248
1249,rental mobil murah purwokerto,elkamulia,1249
1250,rental mobil pajero bandung,elkamulia,1250
1251,sewa mobil murah di banyuwangi,elkamulia,1251
1252,nama perusahaan rental mobil,elkamulia,1252
1253,sewa mobil bogor tanpa supir,elkamulia,1253
1254,sewa mobil hiace di bandung,elkamulia,1254
1255,daftar sewa mobil di bogor,elkamulia,1255
1256,sewa mobil murah di jepara,elkamulia,1256
1257,sewa mobil murah di jepang,elkamulia,1257
1258,rental mobil lepas kunci bogor,elkamulia,1258
1259,sewa mobil surabaya kaskus,elkamulia,1259
1260,rental mobil elf di bogor,elkamulia,1260
1261,brosur rental mobil,elkamulia,1261
1262,rental mobil kota bogor,elkamulia,1262
1263,sewa mobil bandung kaskus,elkamulia,1263
1264,rencar mobil,elkamulia,1264
1265,rental mobil matic di surabaya,elkamulia,1265
1266,penyewaan mobil bogor,elkamulia,1266
1267,rental mobil bandara jakarta,elkamulia,1267
1268,sewa mobil murah di malaysia,elkamulia,1268
1269,sewa mobil ayla di surabaya,elkamulia,1269
1270,investasi rental mobil,elkamulia,1270
1271,surat perjanjian rental mobil,elkamulia,1271
1272,rental mobil murah cimahi,elkamulia,1272
1273,perusahaan rental mobil terbesar di indonesia,elkamulia,1273
1274,sewa mobil bulanan depok,elkamulia,1274
1275,rental bandung jakarta,elkamulia,1275
1276,sewa mobil sport surabaya,elkamulia,1276
1277,rental mobil di kota bogor,elkamulia,1277
1278,sewa mobil automatic di surabaya,elkamulia,1278
1279,mobil di jakarta,elkamulia,1279
1280,mobil jakarta bandung,elkamulia,1280
1281,sewa mobil murah purwokerto,elkamulia,1281
1282,mobil rent,elkamulia,1282
1283,rental mobil murah di subang,elkamulia,1283
1284,cari rental mobil di bandung,elkamulia,1284
1285,jasa penyewaan mobil di jakarta,elkamulia,1285
1286,tempat penyewaan mobil di bogor,elkamulia,1286
1287,sewa mobil murah cileungsi cileungsi,elkamulia,1287
1288,sewa mobil murah pontianak,elkamulia,1288
1289,rental mobil ciledug tangerang,elkamulia,1289
1290,carter avanza,elkamulia,1290
1291,rental mobil ciawi bogor,elkamulia,1291
1292,rental mobil di bogor kota,elkamulia,1292
1293,bogor rental mobil,elkamulia,1293
1294,perusahaan rental mobil di bandung,elkamulia,1294
1295,perjanjian rental mobil,elkamulia,1295
1296,andi rental mobil bogor,elkamulia,1296
1297,rekomendasi sewa mobil murah di bali,elkamulia,1297
1298,sewa rental mobil di bogor,elkamulia,1298
1299,indonesia mobil,elkamulia,1299
1300,rent car mobil di bogor,elkamulia,1300
1301,mobil depok,elkamulia,1301
1302,sewa mobil bandung harga,elkamulia,1302
1303,jennete rent car,elkamulia,1303
1304,rental mobil di indonesia,elkamulia,1304
1305,rental mobil trac surabaya,elkamulia,1305
1306,daftar perusahaan rental mobil terbesar di indonesia,elkamulia,1306
1307,lowongan kerja rental mobil jakarta,elkamulia,1307
1308,sewa mobil caravan di jakarta,elkamulia,1308
1309,harga rental mobil bogor 2015,elkamulia,1309
1310,rental mobil terbesar di indonesia,elkamulia,1310
1311,rental mobil automatic di bali,elkamulia,1311
1312,biaya sewa mobil di bogor,elkamulia,1312
1313,sewakan mobil ke perusahaan,elkamulia,1313
1314,sewa mobil trac surabaya,elkamulia,1314
1315,rental mobil di daerah bogor,elkamulia,1315
1316,mobil rental bogor,elkamulia,1316
1317,cara sewa mobil,elkamulia,1317
1318,rental mobil depok paket lebaran,elkamulia,1318
1319,trevel mobil,elkamulia,1319
1320,sewa mobil di trac jakarta,elkamulia,1320
1321,berapa harga rental mobil,elkamulia,1321
1322,kontrak mobil,elkamulia,1322
1323,jenis mobil rental,elkamulia,1323
1324,harga sewa mobil trac jakarta,elkamulia,1324
1325,daftar harga rental mobil di jakarta,elkamulia,1325
1326,tentang rental mobil,elkamulia,1326
1327,sewa mobil per tahun,elkamulia,1327
1328,kendaraan sewa,elkamulia,1328
1329,indo rental mobil,elkamulia,1329
1330,alamat rental mobil di bogor,elkamulia,1330
1331,info rental mobil di jakarta,elkamulia,1331